<?xml version="1.0" encoding="UTF-8"?>
<java version="1.8.0_131" class="java.beans.XMLDecoder">
 <object class="org.eclipse.epp.internal.mpc.ui.catalog.MarketplaceInfo" id="MarketplaceInfo0">
  <void property="iuToNodeKey">
   <void method="put">
    <string>org.zeroturnaround.eclipse.feature</string>
    <object class="java.util.ArrayList">
     <void method="add">
      <string>http://marketplace.eclipse.org#29591</string>
     </void>
    </object>
   </void>
   <void method="put">
    <string>org.palladiosimulator.reliability.feature.feature.group</string>
    <object class="java.util.ArrayList">
     <void method="add">
      <string>http://marketplace.eclipse.org#2629604</string>
     </void>
    </object>
   </void>
   <void method="put">
    <string>org.deved.antlride.feature.integration.jdt</string>
    <object class="java.util.ArrayList">
     <void method="add">
      <string>http://marketplace.eclipse.org#1113</string>
     </void>
    </object>
   </void>
   <void method="put">
    <string>com.vaadin.designer.eclipse</string>
    <object class="java.util.ArrayList">
     <void method="add">
      <string>http://marketplace.eclipse.org#1023</string>
     </void>
    </object>
   </void>
   <void method="put">
    <string>org.eclipse.uomo.feature</string>
    <object class="java.util.ArrayList">
     <void method="add">
      <string>http://marketplace.eclipse.org#878438</string>
     </void>
    </object>
   </void>
   <void method="put">
    <string>org.eclipse.epsilon.core.feature</string>
    <object class="java.util.ArrayList">
     <void method="add">
      <string>http://marketplace.eclipse.org#400</string>
     </void>
    </object>
   </void>
   <void method="put">
    <string>org.eclipse.epsilon.ewl.gmf.feature</string>
    <object class="java.util.ArrayList">
     <void method="add">
      <string>http://marketplace.eclipse.org#400</string>
     </void>
    </object>
   </void>
   <void method="put">
    <string>org.eclipse.m2e.logback.feature</string>
    <object class="java.util.ArrayList">
     <void method="add">
      <string>http://marketplace.eclipse.org#252</string>
     </void>
    </object>
   </void>
   <void method="put">
    <string>org.eclipse.nebula.examples.release.feature.feature.group</string>
    <object class="java.util.ArrayList">
     <void method="add">
      <string>http://marketplace.eclipse.org#229894</string>
     </void>
    </object>
   </void>
   <void method="put">
    <string>com.zend.php.productivity</string>
    <object class="java.util.ArrayList">
     <void method="add">
      <string>http://marketplace.eclipse.org#725</string>
     </void>
    </object>
   </void>
   <void method="put">
    <string>org.eclipse.epsilon.uml.feature</string>
    <object class="java.util.ArrayList">
     <void method="add">
      <string>http://marketplace.eclipse.org#400</string>
     </void>
    </object>
   </void>
   <void method="put">
    <string>org.eclipse.emf.ecoretools.design</string>
    <object class="java.util.ArrayList">
     <void method="add">
      <string>http://marketplace.eclipse.org#1728547</string>
     </void>
    </object>
   </void>
   <void method="put">
    <string>org.eclipse.rse</string>
    <object class="java.util.ArrayList">
     <void method="add">
      <string>http://marketplace.eclipse.org#1267725</string>
     </void>
    </object>
   </void>
   <void method="put">
    <string>fr.inria.aoste.trace.feature.feature.group</string>
    <object class="java.util.ArrayList">
     <void method="add">
      <string>http://marketplace.eclipse.org#837</string>
     </void>
    </object>
   </void>
   <void method="put">
    <string>com.genuitec.eclipse.theming.designer.feature.feature.group</string>
    <object class="java.util.ArrayList">
     <void method="add">
      <string>http://marketplace.eclipse.org#3274405</string>
     </void>
    </object>
   </void>
   <void method="put">
    <string>com.coderplus.m2e.jaxws</string>
    <object class="java.util.ArrayList">
     <void method="add">
      <string>http://marketplace.eclipse.org#1965968</string>
     </void>
    </object>
   </void>
   <void method="put">
    <string>org.moreunit</string>
    <object class="java.util.ArrayList">
     <void method="add">
      <string>http://marketplace.eclipse.org#194</string>
     </void>
    </object>
   </void>
   <void method="put">
    <string>org.eclipse.epsilon.emc.graphml.feature</string>
    <object class="java.util.ArrayList">
     <void method="add">
      <string>http://marketplace.eclipse.org#400</string>
     </void>
    </object>
   </void>
   <void method="put">
    <string>microservices_plugin_feature</string>
    <object class="java.util.ArrayList">
     <void method="add">
      <string>http://marketplace.eclipse.org#3347906</string>
     </void>
    </object>
   </void>
   <void method="put">
    <string>pm.eclipse.editbox.feature</string>
    <object class="java.util.ArrayList">
     <void method="add">
      <string>http://marketplace.eclipse.org#1582059</string>
     </void>
    </object>
   </void>
   <void method="put">
    <string>org.palladiosimulator.pcm.feature.feature.group</string>
    <object class="java.util.ArrayList">
     <void method="add">
      <string>http://marketplace.eclipse.org#2629604</string>
     </void>
    </object>
   </void>
   <void method="put">
    <string>org.eclipse.epsilon.uml.dt.feature</string>
    <object class="java.util.ArrayList">
     <void method="add">
      <string>http://marketplace.eclipse.org#400</string>
     </void>
    </object>
   </void>
   <void method="put">
    <string>nl.topicus.m2e.settings.feature</string>
    <object class="java.util.ArrayList">
     <void method="add">
      <string>http://marketplace.eclipse.org#1797212</string>
     </void>
    </object>
   </void>
   <void method="put">
    <string>org.msl.simple.gmf.mapping</string>
    <object class="java.util.ArrayList">
     <void method="add">
      <string>http://marketplace.eclipse.org#190595</string>
     </void>
    </object>
   </void>
   <void method="put">
    <string>org.palladiosimulator.protocom.javaee.feature.feature.group</string>
    <object class="java.util.ArrayList">
     <void method="add">
      <string>http://marketplace.eclipse.org#2629604</string>
     </void>
    </object>
   </void>
   <void method="put">
    <string>com.coderplus.m2e.yuicompressorfeature</string>
    <object class="java.util.ArrayList">
     <void method="add">
      <string>http://marketplace.eclipse.org#1953702</string>
     </void>
    </object>
   </void>
   <void method="put">
    <string>org.deved.antlride.feature.viz</string>
    <object class="java.util.ArrayList">
     <void method="add">
      <string>http://marketplace.eclipse.org#1113</string>
     </void>
    </object>
   </void>
   <void method="put">
    <string>org.eclipse.equinox.p2.replication.feature</string>
    <object class="java.util.ArrayList">
     <void method="add">
      <string>http://marketplace.eclipse.org#1097</string>
     </void>
    </object>
   </void>
   <void method="put">
    <string>fr.inria.aoste.timesquare.backend.papyrusmodelanimator.feature.feature.group</string>
    <object class="java.util.ArrayList">
     <void method="add">
      <string>http://marketplace.eclipse.org#837</string>
     </void>
    </object>
   </void>
   <void method="put">
    <string>org.eclipse.m2e.feature</string>
    <object class="java.util.ArrayList">
     <void method="add">
      <string>http://marketplace.eclipse.org#1774116</string>
     </void>
     <void method="add">
      <string>http://marketplace.eclipse.org#1594491</string>
     </void>
     <void method="add">
      <string>http://marketplace.eclipse.org#252</string>
     </void>
    </object>
   </void>
   <void method="put">
    <string>org.eclipse.nebula.feature.feature.group</string>
    <object class="java.util.ArrayList">
     <void method="add">
      <string>http://marketplace.eclipse.org#229894</string>
     </void>
    </object>
   </void>
   <void method="put">
    <string>org.eclipse.e4.tools.preference.spy.feature</string>
    <object class="java.util.ArrayList">
     <void method="add">
      <string>http://marketplace.eclipse.org#3116105</string>
     </void>
    </object>
   </void>
   <void method="put">
    <string>org.eclipse.epsilon.eugenia.feature</string>
    <object class="java.util.ArrayList">
     <void method="add">
      <string>http://marketplace.eclipse.org#400</string>
     </void>
    </object>
   </void>
   <void method="put">
    <string>org.palladiosimulator.solver.feature</string>
    <object class="java.util.ArrayList">
     <void method="add">
      <string>http://marketplace.eclipse.org#2629604</string>
     </void>
    </object>
   </void>
   <void method="put">
    <string>com.vaadin.integration.eclipse</string>
    <object class="java.util.ArrayList">
     <void method="add">
      <string>http://marketplace.eclipse.org#1023</string>
     </void>
    </object>
   </void>
   <void method="put">
    <string>org.palladiosimulator.protocom.feature.feature.group</string>
    <object class="java.util.ArrayList">
     <void method="add">
      <string>http://marketplace.eclipse.org#2629604</string>
     </void>
    </object>
   </void>
   <void method="put">
    <string>org.eclipse.jdt.astview.feature</string>
    <object class="java.util.ArrayList">
     <void method="add">
      <string>http://marketplace.eclipse.org#69037</string>
     </void>
    </object>
   </void>
   <void method="put">
    <string>org.eclipse.epsilon.concordance.feature</string>
    <object class="java.util.ArrayList">
     <void method="add">
      <string>http://marketplace.eclipse.org#400</string>
     </void>
    </object>
   </void>
   <void method="put">
    <string>org.eclipse.e4.tools.css.spy.feature</string>
    <object class="java.util.ArrayList">
     <void method="add">
      <string>http://marketplace.eclipse.org#3116105</string>
     </void>
    </object>
   </void>
   <void method="put">
    <string>org.zkoss.eclipse</string>
    <object class="java.util.ArrayList">
     <void method="add">
      <string>http://marketplace.eclipse.org#57140</string>
     </void>
    </object>
   </void>
   <void method="put">
    <string>org.testng.eclipse.maven.feature</string>
    <object class="java.util.ArrayList">
     <void method="add">
      <string>http://marketplace.eclipse.org#1549</string>
     </void>
    </object>
   </void>
   <void method="put">
    <string>fr.inria.aoste.timesquare.feature.feature.group</string>
    <object class="java.util.ArrayList">
     <void method="add">
      <string>http://marketplace.eclipse.org#837</string>
     </void>
    </object>
   </void>
   <void method="put">
    <string>org.eclipse.epsilon.emf.dt.feature</string>
    <object class="java.util.ArrayList">
     <void method="add">
      <string>http://marketplace.eclipse.org#400</string>
     </void>
    </object>
   </void>
   <void method="put">
    <string>org.eclipse.epsilon.hutn.dt.feature</string>
    <object class="java.util.ArrayList">
     <void method="add">
      <string>http://marketplace.eclipse.org#400</string>
     </void>
    </object>
   </void>
   <void method="put">
    <string>com.vaadin.designer2.eclipse</string>
    <object class="java.util.ArrayList">
     <void method="add">
      <string>http://marketplace.eclipse.org#1023</string>
     </void>
    </object>
   </void>
   <void method="put">
    <string>com.zeroturnaround.xrebel.feature</string>
    <object class="java.util.ArrayList">
     <void method="add">
      <string>http://marketplace.eclipse.org#2854925</string>
     </void>
    </object>
   </void>
   <void method="put">
    <string>org.deved.antlride.feature.gunit</string>
    <object class="java.util.ArrayList">
     <void method="add">
      <string>http://marketplace.eclipse.org#1113</string>
     </void>
    </object>
   </void>
   <void method="put">
    <string>org.deved.antlride.feature.stringtemplate</string>
    <object class="java.util.ArrayList">
     <void method="add">
      <string>http://marketplace.eclipse.org#1113</string>
     </void>
    </object>
   </void>
   <void method="put">
    <string>org.eclipse.epsilon.ewl.emf.feature</string>
    <object class="java.util.ArrayList">
     <void method="add">
      <string>http://marketplace.eclipse.org#400</string>
     </void>
    </object>
   </void>
   <void method="put">
    <string>org.eclipse.epsilon.emf.feature</string>
    <object class="java.util.ArrayList">
     <void method="add">
      <string>http://marketplace.eclipse.org#400</string>
     </void>
    </object>
   </void>
   <void method="put">
    <string>org.eclipse.epsilon.evl.emf.validation.feature</string>
    <object class="java.util.ArrayList">
     <void method="add">
      <string>http://marketplace.eclipse.org#400</string>
     </void>
    </object>
   </void>
   <void method="put">
    <string>org.eclipse.epsilon.eunit.dt.emf.feature</string>
    <object class="java.util.ArrayList">
     <void method="add">
      <string>http://marketplace.eclipse.org#400</string>
     </void>
    </object>
   </void>
   <void method="put">
    <string>org.eclipse.e4.tools.bundle.spy.feature</string>
    <object class="java.util.ArrayList">
     <void method="add">
      <string>http://marketplace.eclipse.org#3116105</string>
     </void>
    </object>
   </void>
   <void method="put">
    <string>net.sf.yari.feature</string>
    <object class="java.util.ArrayList">
     <void method="add">
      <string>http://marketplace.eclipse.org#901</string>
     </void>
    </object>
   </void>
   <void method="put">
    <string>org.deved.antlride.feature</string>
    <object class="java.util.ArrayList">
     <void method="add">
      <string>http://marketplace.eclipse.org#1113</string>
     </void>
    </object>
   </void>
   <void method="put">
    <string>org.eclipselabs.simplegt.feature</string>
    <object class="java.util.ArrayList">
     <void method="add">
      <string>http://marketplace.eclipse.org#609069</string>
     </void>
    </object>
   </void>
   <void method="put">
    <string>Jamon Processor Feature</string>
    <object class="java.util.ArrayList">
     <void method="add">
      <string>http://marketplace.eclipse.org#15439</string>
     </void>
    </object>
   </void>
   <void method="put">
    <string>org.eclipse.e4.tools.model.spy.feature</string>
    <object class="java.util.ArrayList">
     <void method="add">
      <string>http://marketplace.eclipse.org#3116105</string>
     </void>
    </object>
   </void>
   <void method="put">
    <string>com.ibh.systems.build.tycho</string>
    <object class="java.util.ArrayList">
     <void method="add">
      <string>http://marketplace.eclipse.org#820580</string>
     </void>
    </object>
   </void>
   <void method="put">
    <string>org.zeroturnaround.eclipse.wtp.feature</string>
    <object class="java.util.ArrayList">
     <void method="add">
      <string>http://marketplace.eclipse.org#29591</string>
     </void>
    </object>
   </void>
   <void method="put">
    <string>org.eclipse.e4.tools.event.spy.feature</string>
    <object class="java.util.ArrayList">
     <void method="add">
      <string>http://marketplace.eclipse.org#3116105</string>
     </void>
    </object>
   </void>
   <void method="put">
    <string>org.eclipse.e4.tools.spies.feature</string>
    <object class="java.util.ArrayList">
     <void method="add">
      <string>http://marketplace.eclipse.org#3116105</string>
     </void>
    </object>
   </void>
   <void method="put">
    <string>org.cg.eclipse.feature.ftcplugin</string>
    <object class="java.util.ArrayList">
     <void method="add">
      <string>http://marketplace.eclipse.org#3170642</string>
     </void>
    </object>
   </void>
   <void method="put">
    <string>fr.inria.aoste.timesquare.core.feature.feature.group</string>
    <object class="java.util.ArrayList">
     <void method="add">
      <string>http://marketplace.eclipse.org#837</string>
     </void>
    </object>
   </void>
   <void method="put">
    <string>com.ianbrandt.tools.m2e.mdp.feature</string>
    <object class="java.util.ArrayList">
     <void method="add">
      <string>http://marketplace.eclipse.org#1938363</string>
     </void>
    </object>
   </void>
   <void method="put">
    <string>org.eclipse.epsilon.hutn.feature</string>
    <object class="java.util.ArrayList">
     <void method="add">
      <string>http://marketplace.eclipse.org#400</string>
     </void>
    </object>
   </void>
   <void method="put">
    <string>org.palladiosimulator.simucom.feature.feature.group</string>
    <object class="java.util.ArrayList">
     <void method="add">
      <string>http://marketplace.eclipse.org#2629604</string>
     </void>
    </object>
   </void>
   <void method="put">
    <string>org.moreunit.light</string>
    <object class="java.util.ArrayList">
     <void method="add">
      <string>http://marketplace.eclipse.org#194</string>
     </void>
    </object>
   </void>
   <void method="put">
    <string>fr.inria.aoste.timesquare.backend.vcd.feature.feature.group</string>
    <object class="java.util.ArrayList">
     <void method="add">
      <string>http://marketplace.eclipse.org#837</string>
     </void>
    </object>
   </void>
   <void method="put">
    <string>org.junithelper.plugin</string>
    <object class="java.util.ArrayList">
     <void method="add">
      <string>http://marketplace.eclipse.org#2298</string>
     </void>
    </object>
   </void>
   <void method="put">
    <string>org.jboss.tools.maven.apt.feature</string>
    <object class="java.util.ArrayList">
     <void method="add">
      <string>http://marketplace.eclipse.org#1216155</string>
     </void>
    </object>
   </void>
   <void method="put">
    <string>com.genuitec.eclipse.theming.feature.feature.group</string>
    <object class="java.util.ArrayList">
     <void method="add">
      <string>http://marketplace.eclipse.org#3274405</string>
     </void>
    </object>
   </void>
   <void method="put">
    <string>jamon</string>
    <object class="java.util.ArrayList">
     <void method="add">
      <string>http://marketplace.eclipse.org#15439</string>
     </void>
    </object>
   </void>
   <void method="put">
    <string>org.testng.eclipse</string>
    <object class="java.util.ArrayList">
     <void method="add">
      <string>http://marketplace.eclipse.org#1549</string>
     </void>
    </object>
   </void>
   <void method="put">
    <string>org.moreunit.mock</string>
    <object class="java.util.ArrayList">
     <void method="add">
      <string>http://marketplace.eclipse.org#194</string>
     </void>
    </object>
   </void>
   <void method="put">
    <string>org.eclipse.epsilon.core.dt.feature</string>
    <object class="java.util.ArrayList">
     <void method="add">
      <string>http://marketplace.eclipse.org#400</string>
     </void>
    </object>
   </void>
   <void method="put">
    <string>org.eclipse.e4.tools.context.spy.feature</string>
    <object class="java.util.ArrayList">
     <void method="add">
      <string>http://marketplace.eclipse.org#3116105</string>
     </void>
    </object>
   </void>
   <void method="put">
    <string>org.palladiosimulator.editors.tree.feature.feature.group</string>
    <object class="java.util.ArrayList">
     <void method="add">
      <string>http://marketplace.eclipse.org#2629604</string>
     </void>
    </object>
   </void>
   <void method="put">
    <string>fr.inria.aoste.timesquare.backend.power.feature.feature.group</string>
    <object class="java.util.ArrayList">
     <void method="add">
      <string>http://marketplace.eclipse.org#837</string>
     </void>
    </object>
   </void>
   <void method="put">
    <string>org.zeroturnaround.eclipse.m2e.feature</string>
    <object class="java.util.ArrayList">
     <void method="add">
      <string>http://marketplace.eclipse.org#29591</string>
     </void>
    </object>
   </void>
   <void method="put">
    <string>org.palladiosimulator.editors.gmf.feature.feature.group</string>
    <object class="java.util.ArrayList">
     <void method="add">
      <string>http://marketplace.eclipse.org#2629604</string>
     </void>
    </object>
   </void>
   <void method="put">
    <string>org.ancit.m2e.tycho.feature</string>
    <object class="java.util.ArrayList">
     <void method="add">
      <string>http://marketplace.eclipse.org#2197549</string>
     </void>
    </object>
   </void>
   <void method="put">
    <string>org.nodeclipse.pluginslist.feature</string>
    <object class="java.util.ArrayList">
     <void method="add">
      <string>http://marketplace.eclipse.org#1582059</string>
     </void>
    </object>
   </void>
  </void>
  <void property="nodeKeyToIU">
   <void method="put">
    <string>http://marketplace.eclipse.org#3274405</string>
    <object class="java.util.ArrayList">
     <void method="add">
      <string>com.genuitec.eclipse.theming.feature.feature.group</string>
     </void>
     <void method="add">
      <string>com.genuitec.eclipse.theming.designer.feature.feature.group</string>
     </void>
    </object>
   </void>
   <void method="put">
    <string>http://marketplace.eclipse.org#69037</string>
    <object class="java.util.ArrayList">
     <void method="add">
      <string>org.eclipse.jdt.astview.feature</string>
     </void>
    </object>
   </void>
   <void method="put">
    <string>http://marketplace.eclipse.org#820580</string>
    <object class="java.util.ArrayList">
     <void method="add">
      <string>com.ibh.systems.build.tycho</string>
     </void>
    </object>
   </void>
   <void method="put">
    <string>http://marketplace.eclipse.org#1594491</string>
    <object class="java.util.ArrayList">
     <void method="add">
      <string>org.eclipse.m2e.feature</string>
     </void>
    </object>
   </void>
   <void method="put">
    <string>http://marketplace.eclipse.org#400</string>
    <object class="java.util.ArrayList">
     <void method="add">
      <string>org.eclipse.epsilon.core.feature</string>
     </void>
     <void method="add">
      <string>org.eclipse.epsilon.core.dt.feature</string>
     </void>
     <void method="add">
      <string>org.eclipse.epsilon.eugenia.feature</string>
     </void>
     <void method="add">
      <string>org.eclipse.epsilon.ewl.gmf.feature</string>
     </void>
     <void method="add">
      <string>org.eclipse.epsilon.emf.dt.feature</string>
     </void>
     <void method="add">
      <string>org.eclipse.epsilon.emf.feature</string>
     </void>
     <void method="add">
      <string>org.eclipse.epsilon.evl.emf.validation.feature</string>
     </void>
     <void method="add">
      <string>org.eclipse.epsilon.ewl.emf.feature</string>
     </void>
     <void method="add">
      <string>org.eclipse.epsilon.hutn.dt.feature</string>
     </void>
     <void method="add">
      <string>org.eclipse.epsilon.hutn.feature</string>
     </void>
     <void method="add">
      <string>org.eclipse.epsilon.concordance.feature</string>
     </void>
     <void method="add">
      <string>org.eclipse.epsilon.uml.feature</string>
     </void>
     <void method="add">
      <string>org.eclipse.epsilon.eunit.dt.emf.feature</string>
     </void>
     <void method="add">
      <string>org.eclipse.epsilon.uml.dt.feature</string>
     </void>
     <void method="add">
      <string>org.eclipse.epsilon.emc.graphml.feature</string>
     </void>
    </object>
   </void>
   <void method="put">
    <string>http://marketplace.eclipse.org#229894</string>
    <object class="java.util.ArrayList">
     <void method="add">
      <string>org.eclipse.nebula.feature.feature.group</string>
     </void>
     <void method="add">
      <string>org.eclipse.nebula.examples.release.feature.feature.group</string>
     </void>
    </object>
   </void>
   <void method="put">
    <string>http://marketplace.eclipse.org#2197549</string>
    <object class="java.util.ArrayList">
     <void method="add">
      <string>org.ancit.m2e.tycho.feature</string>
     </void>
    </object>
   </void>
   <void method="put">
    <string>http://marketplace.eclipse.org#901</string>
    <object class="java.util.ArrayList">
     <void method="add">
      <string>net.sf.yari.feature</string>
     </void>
    </object>
   </void>
   <void method="put">
    <string>http://marketplace.eclipse.org#725</string>
    <object class="java.util.ArrayList">
     <void method="add">
      <string>com.zend.php.productivity</string>
     </void>
    </object>
   </void>
   <void method="put">
    <string>http://marketplace.eclipse.org#837</string>
    <object class="java.util.ArrayList">
     <void method="add">
      <string>fr.inria.aoste.timesquare.feature.feature.group</string>
     </void>
     <void method="add">
      <string>fr.inria.aoste.timesquare.core.feature.feature.group</string>
     </void>
     <void method="add">
      <string>fr.inria.aoste.timesquare.backend.papyrusmodelanimator.feature.feature.group</string>
     </void>
     <void method="add">
      <string>fr.inria.aoste.timesquare.backend.power.feature.feature.group</string>
     </void>
     <void method="add">
      <string>fr.inria.aoste.timesquare.backend.vcd.feature.feature.group</string>
     </void>
     <void method="add">
      <string>fr.inria.aoste.trace.feature.feature.group</string>
     </void>
    </object>
   </void>
   <void method="put">
    <string>http://marketplace.eclipse.org#29591</string>
    <object class="java.util.ArrayList">
     <void method="add">
      <string>org.zeroturnaround.eclipse.feature</string>
     </void>
     <void method="add">
      <string>org.zeroturnaround.eclipse.wtp.feature</string>
     </void>
     <void method="add">
      <string>org.zeroturnaround.eclipse.m2e.feature</string>
     </void>
    </object>
   </void>
   <void method="put">
    <string>http://marketplace.eclipse.org#15439</string>
    <object class="java.util.ArrayList">
     <void method="add">
      <string>jamon</string>
     </void>
     <void method="add">
      <string>Jamon Processor Feature</string>
     </void>
    </object>
   </void>
   <void method="put">
    <string>http://marketplace.eclipse.org#3347906</string>
    <object class="java.util.ArrayList">
     <void method="add">
      <string>microservices_plugin_feature</string>
     </void>
    </object>
   </void>
   <void method="put">
    <string>http://marketplace.eclipse.org#1582059</string>
    <object class="java.util.ArrayList">
     <void method="add">
      <string>org.nodeclipse.pluginslist.feature</string>
     </void>
     <void method="add">
      <string>pm.eclipse.editbox.feature</string>
     </void>
    </object>
   </void>
   <void method="put">
    <string>http://marketplace.eclipse.org#2298</string>
    <object class="java.util.ArrayList">
     <void method="add">
      <string>org.junithelper.plugin</string>
     </void>
    </object>
   </void>
   <void method="put">
    <string>http://marketplace.eclipse.org#1023</string>
    <object class="java.util.ArrayList">
     <void method="add">
      <string>com.vaadin.integration.eclipse</string>
     </void>
     <void method="add">
      <string>com.vaadin.designer2.eclipse</string>
     </void>
     <void method="add">
      <string>com.vaadin.designer.eclipse</string>
     </void>
    </object>
   </void>
   <void method="put">
    <string>http://marketplace.eclipse.org#1549</string>
    <object class="java.util.ArrayList">
     <void method="add">
      <string>org.testng.eclipse</string>
     </void>
     <void method="add">
      <string>org.testng.eclipse.maven.feature</string>
     </void>
    </object>
   </void>
   <void method="put">
    <string>http://marketplace.eclipse.org#194</string>
    <object class="java.util.ArrayList">
     <void method="add">
      <string>org.moreunit</string>
     </void>
     <void method="add">
      <string>org.moreunit.mock</string>
     </void>
     <void method="add">
      <string>org.moreunit.light</string>
     </void>
    </object>
   </void>
   <void method="put">
    <string>http://marketplace.eclipse.org#190595</string>
    <object class="java.util.ArrayList">
     <void method="add">
      <string>org.msl.simple.gmf.mapping</string>
     </void>
    </object>
   </void>
   <void method="put">
    <string>http://marketplace.eclipse.org#252</string>
    <object class="java.util.ArrayList">
     <void method="add">
      <string>org.eclipse.m2e.feature</string>
     </void>
     <void method="add">
      <string>org.eclipse.m2e.logback.feature</string>
     </void>
    </object>
   </void>
   <void method="put">
    <string>http://marketplace.eclipse.org#878438</string>
    <object class="java.util.ArrayList">
     <void method="add">
      <string>org.eclipse.uomo.feature</string>
     </void>
    </object>
   </void>
   <void method="put">
    <string>http://marketplace.eclipse.org#3116105</string>
    <object class="java.util.ArrayList">
     <void method="add">
      <string>org.eclipse.e4.tools.css.spy.feature</string>
     </void>
     <void method="add">
      <string>org.eclipse.e4.tools.event.spy.feature</string>
     </void>
     <void method="add">
      <string>org.eclipse.e4.tools.bundle.spy.feature</string>
     </void>
     <void method="add">
      <string>org.eclipse.e4.tools.preference.spy.feature</string>
     </void>
     <void method="add">
      <string>org.eclipse.e4.tools.model.spy.feature</string>
     </void>
     <void method="add">
      <string>org.eclipse.e4.tools.context.spy.feature</string>
     </void>
     <void method="add">
      <string>org.eclipse.e4.tools.spies.feature</string>
     </void>
    </object>
   </void>
   <void method="put">
    <string>http://marketplace.eclipse.org#1965968</string>
    <object class="java.util.ArrayList">
     <void method="add">
      <string>com.coderplus.m2e.jaxws</string>
     </void>
    </object>
   </void>
   <void method="put">
    <string>http://marketplace.eclipse.org#1728547</string>
    <object class="java.util.ArrayList">
     <void method="add">
      <string>org.eclipse.emf.ecoretools.design</string>
     </void>
    </object>
   </void>
   <void method="put">
    <string>http://marketplace.eclipse.org#1267725</string>
    <object class="java.util.ArrayList">
     <void method="add">
      <string>org.eclipse.rse</string>
     </void>
    </object>
   </void>
   <void method="put">
    <string>http://marketplace.eclipse.org#3170642</string>
    <object class="java.util.ArrayList">
     <void method="add">
      <string>org.cg.eclipse.feature.ftcplugin</string>
     </void>
    </object>
   </void>
   <void method="put">
    <string>http://marketplace.eclipse.org#57140</string>
    <object class="java.util.ArrayList">
     <void method="add">
      <string>org.zkoss.eclipse</string>
     </void>
    </object>
   </void>
   <void method="put">
    <string>http://marketplace.eclipse.org#1797212</string>
    <object class="java.util.ArrayList">
     <void method="add">
      <string>nl.topicus.m2e.settings.feature</string>
     </void>
    </object>
   </void>
   <void method="put">
    <string>http://marketplace.eclipse.org#1216155</string>
    <object class="java.util.ArrayList">
     <void method="add">
      <string>org.jboss.tools.maven.apt.feature</string>
     </void>
    </object>
   </void>
   <void method="put">
    <string>http://marketplace.eclipse.org#1953702</string>
    <object class="java.util.ArrayList">
     <void method="add">
      <string>com.coderplus.m2e.yuicompressorfeature</string>
     </void>
    </object>
   </void>
   <void method="put">
    <string>http://marketplace.eclipse.org#1113</string>
    <object class="java.util.ArrayList">
     <void method="add">
      <string>org.deved.antlride.feature</string>
     </void>
     <void method="add">
      <string>org.deved.antlride.feature.integration.jdt</string>
     </void>
     <void method="add">
      <string>org.deved.antlride.feature.gunit</string>
     </void>
     <void method="add">
      <string>org.deved.antlride.feature.stringtemplate</string>
     </void>
     <void method="add">
      <string>org.deved.antlride.feature.viz</string>
     </void>
    </object>
   </void>
   <void method="put">
    <string>http://marketplace.eclipse.org#1774116</string>
    <object class="java.util.ArrayList">
     <void method="add">
      <string>org.eclipse.m2e.feature</string>
     </void>
    </object>
   </void>
   <void method="put">
    <string>http://marketplace.eclipse.org#2629604</string>
    <object class="java.util.ArrayList">
     <void method="add">
      <string>org.palladiosimulator.solver.feature</string>
     </void>
     <void method="add">
      <string>org.palladiosimulator.pcm.feature.feature.group</string>
     </void>
     <void method="add">
      <string>org.palladiosimulator.protocom.javaee.feature.feature.group</string>
     </void>
     <void method="add">
      <string>org.palladiosimulator.protocom.feature.feature.group</string>
     </void>
     <void method="add">
      <string>org.palladiosimulator.reliability.feature.feature.group</string>
     </void>
     <void method="add">
      <string>org.palladiosimulator.simucom.feature.feature.group</string>
     </void>
     <void method="add">
      <string>org.palladiosimulator.editors.gmf.feature.feature.group</string>
     </void>
     <void method="add">
      <string>org.palladiosimulator.editors.tree.feature.feature.group</string>
     </void>
    </object>
   </void>
   <void method="put">
    <string>http://marketplace.eclipse.org#609069</string>
    <object class="java.util.ArrayList">
     <void method="add">
      <string>org.eclipselabs.simplegt.feature</string>
     </void>
    </object>
   </void>
   <void method="put">
    <string>http://marketplace.eclipse.org#1097</string>
    <object class="java.util.ArrayList">
     <void method="add">
      <string>org.eclipse.equinox.p2.replication.feature</string>
     </void>
    </object>
   </void>
   <void method="put">
    <string>http://marketplace.eclipse.org#1938363</string>
    <object class="java.util.ArrayList">
     <void method="add">
      <string>com.ianbrandt.tools.m2e.mdp.feature</string>
     </void>
    </object>
   </void>
   <void method="put">
    <string>http://marketplace.eclipse.org#2854925</string>
    <object class="java.util.ArrayList">
     <void method="add">
      <string>com.zeroturnaround.xrebel.feature</string>
     </void>
    </object>
   </void>
  </void>
 </object>
</java>
